,Titre,Prix_normal,Prix_barré,Réduction_proposée,Lien_produit,Liens_images,Catégorie,Disponibilité,Fournisseur_profil,Scrap date
0,MINI VENTILATEUR PORTATIF GEEPAS 4 INCH TYPE C,4 500CFA,6 000CFA,- 25%,https://shop.mtn.bj/produit/mini-ventilateur-portatif-geepas-4-inch-type-c/,https://shop.mtn.bj/wp-content/uploads/2024/12/GF21206.jpg,Accessoires,NA,Chaftel,2025-02-26
1,Taurus Station Grey - Batteur électrique de pâtisserie 300W,15 000CFA,20 000CFA,- 25%,https://shop.mtn.bj/produit/taurus-station-grey-batteur-electrique-de-patisserie-300w/,https://shop.mtn.bj/wp-content/uploads/2024/01/51myszi-9OL._AC_UF10001000_QL80.png,"Cuisine et Maison,Petit électroménager",NA,Chaftel,2025-02-26
2,Bouilloire Synix en acier inoxydable,13 000CFA,13 000CFA,0%,https://shop.mtn.bj/produit/bouilloire-synix-en-acier-inoxydable/,https://shop.mtn.bj/wp-content/uploads/2024/12/metallic_electric_kettle_cls-1801-800x800-1.jpg,"Cuisine et Maison,Petit électroménager",NA,Chaftel,2025-02-26
3,MOXOM MX-KB09,10 500CFA,10 500CFA,0%,https://shop.mtn.bj/produit/moxom-mx-kb09/,https://shop.mtn.bj/wp-content/uploads/2024/08/mx-kb09-4-600x600-1.jpg,Accessoires,NA,TEDDY COM,2025-02-26
4,Ventilateur à 3 lames,22 000CFA,22 000CFA,0%,https://shop.mtn.bj/produit/ventilateur-a-3-lames/,https://shop.mtn.bj/wp-content/uploads/2024/12/SYINIX-VENTILATEUR-16N-311-3-LAMES-50W.jpg,Petit électroménager,NA,Chaftel,2025-02-26
5,Smartphone Y'ello AWADJIDJE H5111,39 000CFA,39 000CFA,0%,https://shop.mtn.bj/produit/smartphone-yello-awadjidje-h5111/,https://shop.mtn.bj/wp-content/uploads/2024/09/Picture1.png,Smartphones,NA,MTN Bénin,2025-02-26
6,Haut parleur Bluetooth zebronics,9 000CFA,9 000CFA,0%,https://shop.mtn.bj/produit/haut-parleur-bluetooth-zebronics/,https://shop.mtn.bj/wp-content/uploads/2024/12/Le-haut-parleur-portable-Bluetooth-Zebronics-County-Black.jpg,Accessoires,NA,Chaftel,2025-02-26
7,CHARGEUR RAPIDE SANS FIL ZEBRONICS  WCP1001S,6 500CFA,10 000CFA,- 35%,https://shop.mtn.bj/produit/chargeur-rapide-sans-fil-zebronics-wcp1001s/,https://shop.mtn.bj/wp-content/uploads/2024/12/5186ROROHyS._SL1500_.jpg,Accessoires,NA,Chaftel,2025-02-26
8,"Taurus Mithos Avant - Tondeuse à cheveux, Moteur AC 3000 tr/min",9 000CFA,14 000CFA,- 36%,https://shop.mtn.bj/produit/taurus-mithos-avant-tondeuse-a-cheveux-moteur-ac-3000-tr-min/,https://shop.mtn.bj/wp-content/uploads/2024/01/WhatsApp-Image-2024-01-09-at-15.33.4.png,"Beauté et Parfum,Coiffure et soins des cheveux,Outils de coupe de cheveux,Tondeuses à cheveux,Tondeuses à cheveux et accessoires",NA,Chaftel,2025-02-26
9,Ecouteur tour de Cou Zeb-Yoga 1,14 999CFA,20 000CFA,- 25%,https://shop.mtn.bj/produit/ecouteur-tour-de-cou-zeb-yoga-1/,https://shop.mtn.bj/wp-content/uploads/2024/01/WhatsApp-Image-2023-12-27-at-11.09.45.png,Accessoires,NA,Chaftel,2025-02-26
10,Casque sans fil ZEB-Duke 1,22 000CFA,22 000CFA,0%,https://shop.mtn.bj/produit/casque-sans-fil-zeb-duke-1/,https://shop.mtn.bj/wp-content/uploads/2023/12/DUKE1.png,Accessoires,NA,Chaftel,2025-02-26
11,Haut-parleur portable Zeb-County 2,5 500CFA,9 000CFA,- 39%,https://shop.mtn.bj/produit/haut-parleur-portable-zeb-county-2/,https://shop.mtn.bj/wp-content/uploads/2023/12/WhatsApp-Image-2023-12-27-at-11.09.47.png,Accessoires,NA,Chaftel,2025-02-26
12,Syinix LED TV 32’’,79 000CFA,120 000CFA,- 34%,https://shop.mtn.bj/produit/syinix-led-tv-32/,https://shop.mtn.bj/wp-content/uploads/2023/12/TV-LED-SYINIX-32.png,Smart TV,NA,Chaftel,2025-02-26
13,Écouteurs Bluetooth Moxom MX-TW34,8 500CFA,8 500CFA,0%,https://shop.mtn.bj/produit/ecouteurs-bluetooth-moxom-mx-tw34/,https://shop.mtn.bj/wp-content/uploads/2023/12/MX-TW34-Recupere.png,Accessoires,NA,TEDDY COM,2025-02-26
14,Waterproof Smart Watch Zeb,18 000CFA,30 000CFA,- 40%,https://shop.mtn.bj/produit/waterproof-smart-watch-zeb/,https://shop.mtn.bj/wp-content/uploads/2023/12/35-zeb-fit180ch-android-ios-zebronics-no-original-imaget9s5cgmuez4-Recupere.png,Montre Connecté,NA,Chaftel,2025-02-26
15,Souris optique sans fil ZEBRONICS MOUSE  2.4GHZ (DASH),6 000CFA,6 000CFA,0%,https://shop.mtn.bj/produit/souris-optique-jaguar/,https://shop.mtn.bj/wp-content/uploads/2024/12/71OJKdSoIL._AC_UF10001000_QL80_.jpg,Accessoires,En rupture,Chaftel,2025-02-26
16,"Support pliable pour ordinateur Portable, rotatif à 360°",14 000CFA,15 000CFA,- 7%,https://shop.mtn.bj/produit/support-pliable-pour-ordinateur-portable-rotatif-a-360/,https://shop.mtn.bj/wp-content/uploads/2023/12/1_59ceb13b-abac-41b5-a839-4ef442a5100f_300x300.png,Accessoires,En rupture,KEYLAN DIGITAL,2025-02-26
17,Waterproof Smart Watch Gold,22 000CFA,22 000CFA,0%,https://shop.mtn.bj/produit/waterproof-smart-watch-gold/,https://shop.mtn.bj/wp-content/uploads/2023/12/Oraimo_OSW_23N_132_TFT_Screen_ATM3_Water-Oraimo-0ea2d-288247.png,Montre Connecté,NA,TEDDY COM,2025-02-26
18,Haut-parleur  sans fil Moxom,7 500CFA,7 500CFA,0%,https://shop.mtn.bj/produit/haut-parleur-sans-fil/,https://shop.mtn.bj/wp-content/uploads/2023/11/b3d1dc9f16b98db8b555e2a7fcaccd9a286524ad_AM00046000P_2.png,Accessoires,NA,TEDDY COM,2025-02-26
19,MTN Routeur 5G (SRT 858-EA),150 000CFA,150 000CFA,0%,https://shop.mtn.bj/produit/meig-smart-cpe-srt858/,https://shop.mtn.bj/wp-content/uploads/2023/11/NEW-BOX-5G-copie.png,Modems & routeurs,NA,MTN Bénin,2025-02-26
20,Casque de Sport Magnétique,7 000CFA,7 000CFA,0%,https://shop.mtn.bj/produit/casque-de-sport-magnetique/,https://shop.mtn.bj/wp-content/uploads/2023/11/479bca70df755a7026d1674eef3951e4.png,Accessoires,NA,TEDDY COM,2025-02-26
21,CASQUE MAX SANS FILS,10 000CFA,10 000CFA,0%,https://shop.mtn.bj/produit/casque-max-sans-fils/,https://shop.mtn.bj/wp-content/uploads/2023/11/20230218221620042678_158.png,Accessoires,NA,TEDDY COM,2025-02-26
22,Vivo Y15s,80 000CFA,80 000CFA,0%,https://shop.mtn.bj/produit/vivo-y1s/,https://shop.mtn.bj/wp-content/uploads/2023/05/9d3f7d20f150742fe2a8b7351888c7f4.png,Smartphones,NA,AL HAMDOULILARI DISTRIBUTION,2025-02-26
23,LDNIO SC10610 30W,17 500CFA,17 500CFA,0%,https://shop.mtn.bj/produit/ldnio-sc10610-30w/,https://shop.mtn.bj/wp-content/uploads/2023/05/41ShphjxCML._SL1000_.jpg,Accessoires,NA,AL HAMDOULILARI DISTRIBUTION,2025-02-26
24,MOXOM – 3 in 1 Fast Charging Cable 1.5M/3A,3 800CFA,3 800CFA,0%,https://shop.mtn.bj/produit/moxom-3-in-1-fast-charging-cable-1-5m-3a-copie/,https://shop.mtn.bj/wp-content/uploads/2023/05/c3113ff4072642495c66e25e2a0d63d-205x300-1.png,Accessoires,NA,AL HAMDOULILARI DISTRIBUTION,2025-02-26
25,AirPods Pro,80 000CFA,80 000CFA,0%,https://shop.mtn.bj/produit/airpods-pro/,https://shop.mtn.bj/wp-content/uploads/2023/05/images-4.jpg,Accessoires,NA,KEYLAN DIGITAL,2025-02-26
26,PHILIPS 16GB Clé UBS,4 000CFA,4 000CFA,0%,https://shop.mtn.bj/produit/philips-16gb-cle-ubs/,https://shop.mtn.bj/wp-content/uploads/2023/05/0010399_philips-snow-edition-16gb-usb-30-flash-memory.jpeg,Accessoires,NA,KEYLAN DIGITAL,2025-02-26
27,Support Téléphone/Tablette avec Hauteur et Angle Réglable,3 000CFA,3 000CFA,0%,https://shop.mtn.bj/produit/support-telephone-tablette-avec-hauteur-et-angle-reglable/,https://shop.mtn.bj/wp-content/uploads/2023/11/WhatsApp-Image-2023-11-16-at-02.21.05.png,Accessoires,NA,TEDDY COM,2025-02-26
28,KIOXIA 32GB Clé USB,4 000CFA,4 000CFA,0%,https://shop.mtn.bj/produit/kioxia-32gb-cle-usb/,https://shop.mtn.bj/wp-content/uploads/2023/05/download-10.png,Accessoires,NA,KEYLAN DIGITAL,2025-02-26
29,KIOXIA 16GB Clé USB,3 500CFA,3 500CFA,0%,https://shop.mtn.bj/produit/kioxia-16gb-cle-usb/,https://shop.mtn.bj/wp-content/uploads/2023/05/Kioxia-cl-USB-U202-support-m-moire-de-16GB-32GB-ancien-disque-Flash-Toshiba.png,Accessoires,NA,KEYLAN DIGITAL,2025-02-26
30,SanDisk 32GB Dual Drive Clé USB,7 500CFA,7 500CFA,0%,https://shop.mtn.bj/produit/sandisk-32gb-dual-drive-cle-usb/,https://shop.mtn.bj/wp-content/uploads/2023/05/sandisk-ultra-dual-drive-go-32-gb-usb-c-stick.png,Accessoires,NA,KEYLAN DIGITAL,2025-02-26
31,IMATION 32GB Clé USB,4 000CFA,4 000CFA,0%,https://shop.mtn.bj/produit/imation-32gb-cle-usb/,https://shop.mtn.bj/wp-content/uploads/2023/05/download-7.png,Accessoires,NA,KEYLAN DIGITAL,2025-02-26
32,IMATION 08GB Clé USB,2 800CFA,2 800CFA,0%,https://shop.mtn.bj/produit/imation-08gb-cle-usb/,https://shop.mtn.bj/wp-content/uploads/2023/05/download-6.png,Accessoires,NA,KEYLAN DIGITAL,2025-02-26
33,IMATION 04GB Clé USB,2 400CFA,2 400CFA,0%,https://shop.mtn.bj/produit/imation-04gb-cle-usb/,https://shop.mtn.bj/wp-content/uploads/2023/05/NewProject_51_fbd88754-a5ef-46ed-9439-ce6721cea50e_934x700.jpg,Accessoires,NA,KEYLAN DIGITAL,2025-02-26
34,Protection d'écran pour Huawei P30,5 000CFA,5 000CFA,0%,https://shop.mtn.bj/produit/protection-decran-pour-huawei-p30/,https://shop.mtn.bj/wp-content/uploads/2023/05/61m1aFipftL._AC_SL1200_.png,Accessoires,NA,KEYLAN DIGITAL,2025-02-26
35,Protection d'écran pour Huawei P40,5 000CFA,5 000CFA,0%,https://shop.mtn.bj/produit/protection-decran-pour-huawei-p40/,https://shop.mtn.bj/wp-content/uploads/2023/05/617480-1-protege-ecran-en-verre-trempe-pour-huawei-p40-350x350-1.png,Accessoires,NA,KEYLAN DIGITAL,2025-02-26
36,Protection d'écran pour Huawei P40 Lite,5 000CFA,5 000CFA,0%,https://shop.mtn.bj/produit/protection-decran-pour-huawei-p40-lite/,https://shop.mtn.bj/wp-content/uploads/2023/05/xqisit-tough-verre-trempe-ultra-clair-protection-d-ecran-pour-huawei-p40-lite-5g-noir.png,Accessoires,NA,KEYLAN DIGITAL,2025-02-26
37,Vivo Y15s,85 000CFA,85 000CFA,0%,https://shop.mtn.bj/produit/vivo-y15s/,https://shop.mtn.bj/wp-content/uploads/2023/05/0018598_vivo-y15s-2gb-32gb-rom-original-vivo-malaysia.png,Smartphones,NA,AL HAMDOULILARI DISTRIBUTION,2025-02-26
38,Huawei P30 PRO Protège,5 000CFA,5 000CFA,0%,https://shop.mtn.bj/produit/huawei-p30-protege/,https://shop.mtn.bj/wp-content/uploads/2023/05/61dyZVAchHL._AC_SX385_.png,Accessoires,NA,KEYLAN DIGITAL,2025-02-26
39,Huawei P40 PRO Protège,5 000CFA,5 000CFA,0%,https://shop.mtn.bj/produit/huawei-p40-protege/,https://shop.mtn.bj/wp-content/uploads/2023/05/360-Housse-de-protection-Arri-re-pour-Huawei-P40-Pro-Plus-Lite-E-tui-D-origine.jpg_Q90.jpg_.png,Accessoires,NA,KEYLAN DIGITAL,2025-02-26
40,MOXOM KH-70Y,4 000CFA,4 000CFA,0%,https://shop.mtn.bj/produit/moxom-kh-70y/,https://shop.mtn.bj/wp-content/uploads/2023/05/MOXOM-KH-70Y-1-184x300-1.png,Accessoires,NA,TEDDY COM,2025-02-26
41,MOXOM – 3 in 1 Fast Charging Cable 1.5M/3A,4 000CFA,4 000CFA,0%,https://shop.mtn.bj/produit/moxom-3-in-1-fast-charging-cable-1-5m-3a/,https://shop.mtn.bj/wp-content/uploads/2023/05/c3113ff4072642495c66e25e2a0d63d-205x300-1.png,Accessoires,NA,TEDDY COM,2025-02-26
42,Huawei P30 Protège,5 000CFA,5 000CFA,0%,https://shop.mtn.bj/produit/huawei-p30-protege-2/,https://shop.mtn.bj/wp-content/uploads/2023/05/coque-huawei-p30-lite-transparente-silicone-gel-tp.png,Accessoires,NA,KEYLAN DIGITAL,2025-02-26
43,NOKIA C1,48 000CFA,48 000CFA,0%,https://shop.mtn.bj/produit/nokia-c1/,https://shop.mtn.bj/wp-content/uploads/2023/05/Nokia-C1-818-154x300-1.png,Smartphones,NA,NOKIA,2025-02-26
44,Tablette Nokia T20,185 000CFA,185 000CFA,0%,https://shop.mtn.bj/produit/tablette-nokia-t20/,https://shop.mtn.bj/wp-content/uploads/2023/05/gsmarena_011-300x219-1.png,Tablettes,NA,NOKIA,2025-02-26
45,MOXOM MX-VC03,3 000CFA,3 000CFA,0%,https://shop.mtn.bj/produit/moxom-mx-vc03/,https://shop.mtn.bj/wp-content/uploads/2023/05/10a11acc13233477c13e40b541be8170ca9eb86b_1678954469.png,Accessoires,NA,TEDDY COM,2025-02-26
46,MOXOM MX-VC07,2 000CFA,2 000CFA,0%,https://shop.mtn.bj/produit/moxom-mx-vc07/,https://shop.mtn.bj/wp-content/uploads/2023/05/Caeo4GZC1639991923-700x700-1.png,Accessoires,NA,TEDDY COM,2025-02-26
47,Oraimo Legendary Sound Écouteur Halo Oep-E21 Avec Micro,900CFA,900CFA,0%,https://shop.mtn.bj/produit/oraimo-legendary-sound-ecouteur-halo-oep-e21-avec-micro/,https://shop.mtn.bj/wp-content/uploads/2023/05/TIM截图20200205132205-Recupere-1.png,Accessoires,En rupture,TEDDY COM,2025-02-26
48,Casque MOXOM MX-WL26,9 000CFA,9 000CFA,0%,https://shop.mtn.bj/produit/moxom-mx-wl26/,https://shop.mtn.bj/wp-content/uploads/2023/05/71DoKFiWqFS.png,Accessoires,NA,TEDDY COM,2025-02-26
49,MOXOM MX-PB29 Power Bank - 20000mAh,11 500CFA,11 500CFA,0%,https://shop.mtn.bj/produit/moxom-mx-pb29-power-bank-20000mah/,https://shop.mtn.bj/wp-content/uploads/2023/05/download-2.png,Accessoires,NA,TEDDY COM,2025-02-26
50,MOXOM MX-ST05,7 500CFA,7 500CFA,0%,https://shop.mtn.bj/produit/moxom-mx-st05/,https://shop.mtn.bj/wp-content/uploads/2023/05/rallonge-moxom-mx-st05-002-1-300x300-1.png,Accessoires,NA,TEDDY COM,2025-02-26
51,Moxom MX-WL17,9 500CFA,9 500CFA,0%,https://shop.mtn.bj/produit/moxom-mx-wl17/,https://shop.mtn.bj/wp-content/uploads/2023/05/162801195-1.png,Accessoires,En rupture,TEDDY COM,2025-02-26
52,Moxom MX-WL15,9 000CFA,9 000CFA,0%,https://shop.mtn.bj/produit/moxom-mx-wl15/,https://shop.mtn.bj/wp-content/uploads/2023/05/41tcG-1nPsS._AC_UF8941000_QL80_.png,Accessoires,NA,TEDDY COM,2025-02-26
53,MOXOM MX-CB54,1 800CFA,1 800CFA,0%,https://shop.mtn.bj/produit/moxom-mx-cb54/,https://shop.mtn.bj/wp-content/uploads/2023/05/625d7dbbefd0d8f734aa46ae91434scr-55327.png,Accessoires,NA,TEDDY COM,2025-02-26
54,Villaon Vs51 Haut-parleur sans fil Bluetooth Carte TF Aux Radio Fm,5 500CFA,5 500CFA,0%,https://shop.mtn.bj/produit/villaon-vs51-haut-parleur-sans-fil-bluetooth-carte-tf-aux-radio-fm/,https://shop.mtn.bj/wp-content/uploads/2023/05/nub.png,Accessoires,NA,TEDDY COM,2025-02-26
55,Oraimo Barre De Son bluetooth Multimédia,20 000CFA,20 000CFA,0%,https://shop.mtn.bj/produit/barre-de-son-bluetooth-multimedia/,https://shop.mtn.bj/wp-content/uploads/2023/05/Oraimo-Wireless-Speaker-OBS-92D-14-inch.png,Accessoires,NA,TEDDY COM,2025-02-26
56,MOXOM MX-WL24,12 000CFA,12 000CFA,0%,https://shop.mtn.bj/produit/moxom-mx-wl24/,https://shop.mtn.bj/wp-content/uploads/2023/05/617jF44ISVS-212x300-1.png,Accessoires,NA,TEDDY COM,2025-02-26
57,MOXOM MX VC-15,5 000CFA,5 000CFA,0%,https://shop.mtn.bj/produit/moxom-mx-vc-15/,https://shop.mtn.bj/wp-content/uploads/2023/05/MX-VC15-1-204x300-1.png,Accessoires,NA,TEDDY COM,2025-02-26
58,MOXOM MX VC-01,5 000CFA,5 000CFA,0%,https://shop.mtn.bj/produit/moxom-mx-vc-01/,https://shop.mtn.bj/wp-content/uploads/2023/05/218771470.jpg,Accessoires,NA,TEDDY COM,2025-02-26
59,Ecouteurs sans fil Moxom LX-TW801,10 000CFA,10 000CFA,0%,https://shop.mtn.bj/produit/ecouteurs-sans-fil-moxom-lx-tw801/,https://shop.mtn.bj/wp-content/uploads/2023/12/PD-BT533N_Pro.png,Accessoires,En rupture,TEDDY COM,2025-02-26
60,Pocket WIFI MTN – MIFI 4G,25 000CFA,25 000CFA,0%,https://shop.mtn.bj/produit/pocket-wifi-mtn-mifi-4g/,https://shop.mtn.bj/wp-content/uploads/2023/05/POCKET_TRANSPARENT-300x300-1.png,Modems & routeurs,NA,MTN Bénin,2025-02-26
61,Pack MTN Touch,30 000CFA,30 000CFA,0%,https://shop.mtn.bj/produit/pack-mtn-touch/,https://shop.mtn.bj/wp-content/uploads/2023/05/Ipro-sans-fond-300x300-1.png,Smartphones,En rupture,MTN Bénin,2025-02-26
62,MOXOM MX-VC17,7 500CFA,7 500CFA,0%,https://shop.mtn.bj/produit/moxom-mx-vc17/,https://shop.mtn.bj/wp-content/uploads/2023/05/gEVNe3Qi1639630916-700x700-1.jpg,Accessoires,NA,TEDDY COM,2025-02-26
63,MTN WIBOX,50 000CFA,50 000CFA,0%,https://shop.mtn.bj/produit/mtn-wibox/,https://shop.mtn.bj/wp-content/uploads/2023/05/box-002-300x257-1.png,Modems & routeurs,NA,MTN Bénin,2025-02-26
64,MOXOM MX-VC12 avec Lecteur MP3,6 500CFA,6 500CFA,0%,https://shop.mtn.bj/produit/moxom-mx-vc12-avec-lecteur-mp3/,https://shop.mtn.bj/wp-content/uploads/2023/05/20211004145118_moxom_fm_transmitter_mx_vc12_me_bluetooth_usb.jpg,Accessoires,NA,TEDDY COM,2025-02-26
65,NOKIA 105 Africa,12 000CFA,12 000CFA,0%,https://shop.mtn.bj/produit/nokia-105-africa/,https://shop.mtn.bj/wp-content/uploads/2022/11/nokia-105-2019-01.png,Téléphone à touche,NA,NOKIA,2025-02-26
66,"Deux mois de forfait Internet acheté, Routeur R0516 offert",50 000CFA,50 000CFA,0%,https://shop.mtn.bj/produit/routeur-r0516-deux-mois-de-forfait-internet/,https://shop.mtn.bj/wp-content/uploads/2022/11/CPE.-1.png,Modems & routeurs,NA,MTN Bénin,2025-02-26
67,PHILIPS 8GB Clé UBS,3 500CFA,3 500CFA,0%,https://shop.mtn.bj/produit/philips-8gb-cle-ubs/,https://shop.mtn.bj/wp-content/uploads/2023/05/Product_22093_1.jpg,Accessoires,NA,KEYLAN DIGITAL,2025-02-26
68,MOXON Cable CB150,1 500CFA,1 500CFA,0%,https://shop.mtn.bj/produit/moxon-cable-cb150/,https://shop.mtn.bj/wp-content/uploads/2023/05/WhatsApp-Image-2023-05-22-at-12.26.06.png,Accessoires,NA,TEDDY COM,2025-02-26
69,IMATION 16GB Clé USB,3 500CFA,3 500CFA,0%,https://shop.mtn.bj/produit/imation-16gb-cle-usb/,https://shop.mtn.bj/wp-content/uploads/2023/05/download-5.png,Accessoires,NA,KEYLAN DIGITAL,2025-02-26
70,Carte SIM vierge,100CFA,100CFA,0%,https://shop.mtn.bj/produit/carte-sim-vierge/,https://shop.mtn.bj/wp-content/uploads/2022/11/SIM-VIERGE.png,Cartes SIM,NA,MTN Bénin,2025-02-26
